page/field_name,copy
site/skip_link,Skip to main content
site/staging_banner,Staging preview. This site is not indexed by search engines and is not the live BikeTourFrance.net site.
site/brand_name,BikeTourFrance.net
site/menu_button,Menu
site/nav_tours,Tours
site/nav_cdm_tour,Canal des Deux Mers
site/nav_practical_information,Practical Information
site/nav_resources,Resources
site/nav_about,About
site/nav_contact,Contact
site/footer_tagline,"Small-group, self-supported bicycle tours in France, led by John. Eat. Sleep. Roll. Repeat."
site/footer_email,contact@biketourfrance.net
site/footer_explore_heading,Explore
site/footer_legal_heading,Legal
site/legal_privacy,Privacy
site/legal_terms,Terms
site/legal_cookies,Cookies
site/footer_copyright,© 2026 BikeTourFrance.net
site/cta_waitlist_label,Ask to join the 2027 waitlist
site/cta_email_label,Email contact@biketourfrance.net
site/review_note,"**Draft for owner review.** This page states only facts that can be confirmed from this website's code. The owner must review it, and any legal or service-provider details, before launch. The open items are listed in docs/PRODUCTION_CUTOVER_PREFLIGHT.md."
home/seo_title,BikeTourFrance.net: small-group bicycle tours in France
home/seo_description,"Small-group, self-supported bicycle tours in France led by John, including four Canal des Deux Mers departures in 2027, plus help planning your own trip."
home/hero_eyebrow,Small-group bike tours in France
home/hero_heading,Choose your own bike adventure in France
home/hero_body,"Join a small, self-supported group tour in 2027, or plan an independent trip with help from someone who has ridden it."
home/hero_cta_tour,See the 2027 Canal des Deux Mers tour
home/tour_waitlist_cta,Ask to join the waitlist
home/ways_heading,Two ways to ride
home/ways_group_heading,"Small-group tour, 2027"
home/ways_group_body,"Four Canal des Deux Mers departures in 2027, in small groups of up to twelve riders. John leads the ride and explains each day's plan in detail."
home/ways_group_link,Read about the 2027 tour
home/ways_own_heading,Plan your own trip
home/ways_own_body,"Want to plan your own adventure in France and just need coaching? Send John an email. Planning sessions are by arrangement, and John will tell you how they work. Materials for independent tours are coming soon."
home/ways_own_link,Email John about trip planning
home/cdm_eyebrow,"Canal des Deux Mers, 2027"
home/cdm_heading,Cross France by bike along the great canals
home/cdm_summary,"Bordeaux (Atlantic) to Sète (Mediterranean), the same route on every departure. Nine riding days, one rest day in Toulouse, and 11 nights."
home/cdm_stats,"- **4** departures in 2027
- **9** riding days
- **1** rest day in Toulouse
- **11** nights"
home/cdm_departures,"Four departures in 2027: two between May 15 and June 15, and two in September. Exact dates are forthcoming."
home/cdm_cta,Learn about the Canal des Deux Mers tour
home/whats_included_heading,"What is included, and what you arrange separately"
home/whats_included_notice,**Dates and pricing are not final.** Exact dates are forthcoming. Pricing is to be determined and will be announced before bookings open.
home/whats_included_label,Included
home/whats_included,"- Friday arrival night in Bordeaux.
- Lodging for every tour night through the final night in Sète.
- All breakfasts.
- All dinners, except two independent evenings: the arrival evening in Toulouse and the evening in Carcassonne.
- A Michelin restaurant dinner on the second evening in Toulouse.
- A ride briefing each morning at breakfast.
- Routes in a BikeTourFrance.net RideWithGPS collection built for this tour.
- Route notes on lunch, water, and restroom options for each riding day.
- Access to planning resources: packing lists, French phrases to practice, audio history guides for each riding day, and background reading by ride day and region."
home/what_you_arrange_separately_label,You arrange separately
home/what_you_arrange_separately,"- Your travel to Bordeaux and home from Sète. Guests are on their own from Tuesday morning after the final group night.
- Your bicycle. Guests bring their own bikes.
- An e-bike, if you want one. BikeTourFrance.net helps identify a vetted local rental agency in Bordeaux. You contract directly with that agency and must arrive early enough in Bordeaux to collect the bike.
- Front and rear panniers. They are required, and you carry all your own clothing and equipment.
- A phone with a handlebar mount. RideWithGPS navigation on your phone is required.
- Lunches and snacks.
- Your two independent dinners, in Toulouse and Carcassonne."
home/about_eyebrow,About BikeTourFrance.net
home/about_heading,Eat. Sleep. Roll. Repeat.
home/about_body,"I'm John, the cyclist behind BikeTourFrance.net. I help riders carry out extraordinary bicycle tours in France. I lead small, self-supported group tours, so I can plan each day with you, explain it in depth, and give the group the attention it needs."
home/about_link,More about John and how the tours work
home/gallery_heading,Tour gallery
home/gallery_link,More photos on the Canal des Deux Mers page
home/ready_to_ride_heading,Ready to ride?
home/contact_cta,"Email John with your questions, or ask to be added to the 2027 waitlist. He answers every message himself."
tours/seo_title,Bike tours in France: small-group and self-guided
tours/seo_description,"BikeTourFrance.net offers small-group, self-supported bicycle tours in France, a self-guided tour package, and trip-planning help from John."
tours/page_eyebrow,Tours
tours/page_heading,Ways to ride in France with BikeTourFrance.net
tours/page_lede,"All BikeTourFrance.net tours are self-supported. You carry your own gear from place to place, and John helps you plan the rest."
tours/group_heading,"Canal des Deux Mers, 2027"
tours/group_body,"Bordeaux (Atlantic) to Sète (Mediterranean), the same route on every departure.

Four departures in 2027: two between May 15 and June 15, and two in September. Exact dates are forthcoming. Pricing is to be determined and will be announced before bookings open."
tours/group_cta,See the 2027 tour
tours/group_waitlist_cta,Ask to join the waitlist
tours/self_guided_heading,Self-guided tour package
tours/self_guided_body,"If you prefer to travel on your own schedule, John offers a self-guided tour package. He builds the routes, books your accommodations, and gives practical support as you prepare. You ride independently, with a sound plan and help when you need it.

Details and rates are shared by email, because each trip is different."
tours/self_guided_cta,Email John about a self-guided trip
tours/coaching_heading,Trip-planning help
tours/coaching_body,Want to plan your own adventure in France and only need coaching? Send John an email. He loves helping fellow bike travelers plan a great trip. Materials and support for independent tours are coming soon.
tours/coaching_cta,Ask about trip planning
tours/ready_to_ride_heading,Ready to ride?
tours/contact_cta,"Email John with your questions, or ask to be added to the 2027 waitlist. He answers every message himself."
cdm-tour/seo_title,"Canal des Deux Mers by bike, 2027 small-group tour"
cdm-tour/seo_description,"Ride from Bordeaux to Sète along the Canal des Deux Mers with a small, self-supported group. Four departures in 2027: nine riding days, one rest day in Toulouse, 11 nights."
cdm-tour/hero_eyebrow,2027 small-group tour
cdm-tour/hero_heading,"Canal des Deux Mers by bike, Bordeaux to Sète"
cdm-tour/hero_body,"Bordeaux (Atlantic) to Sète (Mediterranean), the same route on every departure. Nine riding days, one rest day in Toulouse, and 11 nights, led by John."
cdm-tour/dates_pricing_notice,"**Dates and pricing are not final.** Four departures in 2027: two between May 15 and June 15, and two in September. Exact dates are forthcoming. Pricing is to be determined and will be announced before bookings open."
cdm-tour/hero_cta_question,Ask a question
cdm-tour/glance_heading,The tour at a glance
cdm-tour/glance_stats,"- **4** departures in 2027
- **9** riding days
- **1** rest day in Toulouse
- **11** nights"
cdm-tour/glance_points,"- The route is the same on every departure.
- Groups run with a minimum of 6 riders. The target is 8, and the maximum is 12."
cdm-tour/route_heading,The route and the week
cdm-tour/route_intro,"From the Atlantic to the Mediterranean, the tour passes through these stops:"
cdm-tour/route_stops,"- Bordeaux
- La Réole
- Agen
- Moissac
- Toulouse (rest day)
- Castelnaudary
- Carcassonne
- Lézignan-Corbières
- Capestang
- Sète"
cdm-tour/week_heading,How the week runs
cdm-tour/week_plan,"- **Friday** Arrive in Bordeaux. Collect a rental e-bike if you booked one.
- **Saturday** Ride briefing at breakfast, then wheels roll in the morning.
- **Nine riding days** The group rides the canal path from Bordeaux to Sète, with one rest day and two nights in Toulouse.
- **Monday** Final group night in Sète.
- **Tuesday** Guests are on their own from the morning."
cdm-tour/toulouse_dinner_heading,Dinner in Toulouse
cdm-tour/toulouse_dinner,"The second evening in Toulouse includes a dinner at a Michelin restaurant. Dress expectation: a collared shirt such as a polo for men, and business-casual clothing for women."
cdm-tour/whats_included_heading,"What is included, and what you arrange separately"
cdm-tour/whats_included_notice,**Dates and pricing are not final.** Exact dates are forthcoming. Pricing is to be determined and will be announced before bookings open.
cdm-tour/whats_included_label,Included
cdm-tour/whats_included,"- Friday arrival night in Bordeaux.
- Lodging for every tour night through the final night in Sète.
- All breakfasts.
- All dinners, except two independent evenings: the arrival evening in Toulouse and the evening in Carcassonne.
- A Michelin restaurant dinner on the second evening in Toulouse.
- A ride briefing each morning at breakfast.
- Routes in a BikeTourFrance.net RideWithGPS collection built for this tour.
- Route notes on lunch, water, and restroom options for each riding day.
- Access to planning resources: packing lists, French phrases to practice, audio history guides for each riding day, and background reading by ride day and region."
cdm-tour/what_you_arrange_separately_label,You arrange separately
cdm-tour/what_you_arrange_separately,"- Your travel to Bordeaux and home from Sète. Guests are on their own from Tuesday morning after the final group night.
- Your bicycle. Guests bring their own bikes.
- An e-bike, if you want one. BikeTourFrance.net helps identify a vetted local rental agency in Bordeaux. You contract directly with that agency and must arrive early enough in Bordeaux to collect the bike.
- Front and rear panniers. They are required, and you carry all your own clothing and equipment.
- A phone with a handlebar mount. RideWithGPS navigation on your phone is required.
- Lunches and snacks.
- Your two independent dinners, in Toulouse and Carcassonne."
cdm-tour/self_supported_heading,Self-supported means you carry your own gear
cdm-tour/self_supported_points,"- There is no support van and no luggage transport. You carry everything you bring.
- The Canal des Deux Mers is fairly flat, but space on the bike still matters. Pack less than you think you need.
- Guests ride with RideWithGPS navigation on a phone mounted to the handlebars."
cdm-tour/practical_link,Getting from Bordeaux Airport to the station and hotels
cdm-tour/history_heading,Earlier tours on this route
cdm-tour/history_body,"BikeTourFrance.net rode the Canal des Deux Mers in September 2026. That tour is finished and is not open for booking. The audio route guides and a historical narrative written for it are still useful for planning, and they live on the [Resources page](/resources/)."
cdm-tour/gallery_heading,Photos from the route
cdm-tour/ready_to_ride_heading,Ready to ride?
cdm-tour/contact_cta,"Email John with your questions, or ask to be added to the 2027 waitlist. He answers every message himself."
practical-information/seo_title,Bordeaux Airport to Gare Saint-Jean: tram or airport bus
practical-information/seo_description,"How to get from Bordeaux Airport (Mérignac) to Gare Saint-Jean station and nearby hotels: Tram Line F or the 30'Direct airport bus, with times, costs, and bike rules."
practical-information/page_eyebrow,Practical information
practical-information/page_heading,Bordeaux Airport to Gare Saint-Jean and your hotel
practical-information/page_intro,Gare Saint-Jean is Bordeaux's main railway station. All recommended hotels are within about 500 m of the station.
practical-information/data_notice,Schedules and fares come from the transport operators and were last checked in June 2026. Confirm them with TBM and 30'Direct before you travel.
practical-information/options_heading,Your two options
practical-information/tram_heading,Tram Line F
practical-information/tram_summary,"- Cost: €1.90
- Travel time: about 45 minutes
- Frequency: every 10–15 minutes
- Bike in a case: always allowed
- Tickets: TBM app or machines
- Best for: lowest cost and flexibility"
practical-information/bus_heading,30'Direct airport bus
practical-information/bus_summary,"- Cost: €9–10
- Travel time: about 30 minutes
- Schedule: limited window
- Bike in a case: accepted
- Tickets: online or onboard
- Best for: fastest public option"
practical-information/choose_heading,Which should I choose?
practical-information/tram_choose_heading,Choose Tram Line F if:
practical-information/tram_choose,"- Lowest cost matters
- You arrive early or late
- You have a bike case
- You want flexibility"
practical-information/bus_choose_heading,Choose the 30'Direct airport bus if:
practical-information/bus_choose,"- Fastest journey matters
- You arrive during operating hours
- Extra cost is okay
- You want the simplest trip"
practical-information/details_heading,Details
practical-information/detail_1_question,What is it?
practical-information/detail_1_tram,"Direct tram connection from Bordeaux Airport (Mérignac) to Gare Saint-Jean (main train station). Launched Dec 6, 2025."
practical-information/detail_1_bus,"Direct coach shuttle from Bordeaux Airport to Gare Saint-Jean. No intermediate stops, no transfers."
practical-information/detail_2_question,How often does it run?
practical-information/detail_2_tram,"Every 10 min (Mon–Sat) / Every 15 min (Sun/holidays). First: ~5am. Last: Midnight (Mon–Wed), 1am (Thu–Sat)"
practical-information/detail_2_bus,Limited: 07:30–20:05 daily. Mon–Fri: ~22 runs. Sat/Sun: ~14 runs. Not available early morning or late evening.
practical-information/detail_3_question,How long does it take?
practical-information/detail_3_tram,"~45 minutes. Direct, no transfers."
practical-information/detail_3_bus,~30 minutes (traffic dependent)
practical-information/detail_4_question,How much does it cost?
practical-information/detail_4_tram,€1.90 per ticket
practical-information/detail_4_bus,€9 online / €10 on board
practical-information/detail_5_question,What about my bike?
practical-information/detail_5_tram,"✅ Bikes in cases: Always
✅ Bikes not in cases: 9am–4pm only
❌ NOT 7am–9am or 4pm–7pm
Pack in case to avoid rush hours.
TBM Bicycle Rules: 05 57 57 88 88"
practical-information/detail_5_bus,"✅ Bikes in cases: Yes
✅ Bikes not in cases: Yes
Requirement: Closed bag, labeled with name, phone, address.
Carrier may refuse oversized items.
Bikes not in cases = anytime transport (no restrictions).
30'Direct FAQ: 30direct.com"
practical-information/detail_6_question,How do I book?
practical-information/detail_6_tram,"No booking required. Buy ticket at tram stop (vending machine), TBM mobile app (Bordeaux transit app), or Relay newsstand at airport.

To board: Validate your ticket on the platform or onboard validators (card readers, white validators, or TBM app via Bluetooth). Self-validate and board—no ticket inspection."
practical-information/detail_6_bus,"Book online at 30direct.com or pay €10 on board. Book in advance for €9 rate.

To board: Show your ticket to the driver (printed, phone e-ticket, or mobile). Tickets can be purchased directly from the driver. Visa/Mastercard accepted onboard (American Express not accepted)."
practical-information/ready_to_ride_heading,Questions about getting to Bordeaux?
practical-information/contact_cta,Email John and he will help you plan your arrival.
resources/seo_title,Resources for planning a self-supported bike tour in France
resources/seo_description,"Free planning resources from BikeTourFrance.net: a packing list template, audio route guides for the Canal des Deux Mers, a historical narrative, and trusted cycling and travel sites."
resources/page_eyebrow,Resources
resources/page_heading,Resources for planning and riding
resources/intro_copy,"Planning a successful self-supported bike tour in France takes good structure. These are the templates, audio guides, and sites John uses and trusts. They are free. Change them to fit your trip."
resources/page_nav,"On this page: [Templates](#templates), [Audio guides](#audio), [Reading](#narratives), [Trusted sites](#sites)."
resources/templates_heading,Templates
resources/templates_list,- [Bicycle Touring Pack List v2](https://docs.google.com/spreadsheets/d/1m4sdHeE_FftAAI5PKp1RMLtDgJ0QS6-lvSRmqauX9-U/edit?gid=1305445451#gid=1305445451) — A Google Sheet. Copy it and change it to fit your trip.
resources/audio_heading,Audio guides for the Canal des Deux Mers
resources/audio_intro,"A short history guide for each riding day, from Bordeaux to Sète. Press play to listen here, or download a file to listen offline. The files load only when you press play."
resources/audio_guides,"- [Complete Canal des Deux Mers audio route guide](https://pub-248f360f2c014eee9d9621b9c416e07c.r2.dev/CDM_BTF_TourAudioOverview/00.CDM2026_CompleteAudio.m4b)
- [Introduction](https://pub-248f360f2c014eee9d9621b9c416e07c.r2.dev/CDM_BTF_TourAudioOverview/001.CDM_Intro.mp3)
- [Riding day 1: Bordeaux to La Réole](https://pub-248f360f2c014eee9d9621b9c416e07c.r2.dev/CDM_BTF_TourAudioOverview/002.CDM_RD01.mp3)
- [Riding day 2: La Réole to Agen](https://pub-248f360f2c014eee9d9621b9c416e07c.r2.dev/CDM_BTF_TourAudioOverview/003.CDM_RD02.mp3)
- [Riding day 3: Agen to Moissac](https://pub-248f360f2c014eee9d9621b9c416e07c.r2.dev/CDM_BTF_TourAudioOverview/004.CDM_RD03.mp3)
- [Riding day 4: Moissac to Toulouse](https://pub-248f360f2c014eee9d9621b9c416e07c.r2.dev/CDM_BTF_TourAudioOverview/005.CDM_RD04.mp3)
- [Toulouse rest day](https://pub-248f360f2c014eee9d9621b9c416e07c.r2.dev/CDM_BTF_TourAudioOverview/005.5.CDM_REST.mp3)
- [Riding day 5: Toulouse to Castelnaudary](https://pub-248f360f2c014eee9d9621b9c416e07c.r2.dev/CDM_BTF_TourAudioOverview/006.CDM_RD05.mp3)
- [Riding day 6: Castelnaudary to Carcassonne](https://pub-248f360f2c014eee9d9621b9c416e07c.r2.dev/CDM_BTF_TourAudioOverview/007.CDM_RD06.mp3)
- [Riding day 7: Carcassonne to Lézignan-Corbières](https://pub-248f360f2c014eee9d9621b9c416e07c.r2.dev/CDM_BTF_TourAudioOverview/008.CDM_RD07.mp3)
- [Riding day 8: Lézignan-Corbières to Capestang](https://pub-248f360f2c014eee9d9621b9c416e07c.r2.dev/CDM_BTF_TourAudioOverview/009.CDM_RD08.mp3)
- [Riding day 9: Capestang to Sète](https://pub-248f360f2c014eee9d9621b9c416e07c.r2.dev/CDM_BTF_TourAudioOverview/010.CDM_RD09.mp3)
- [Conclusion](https://pub-248f360f2c014eee9d9621b9c416e07c.r2.dev/CDM_BTF_TourAudioOverview/011.CDM_CONCLUSION.mp3)"
resources/audio_fallback,Your browser cannot play this audio. Use the download link instead.
resources/audio_download_label,Download
resources/food_heading,Food
resources/food_audio,- [The Cooking of Southwest France: introduction](https://pub-248f360f2c014eee9d9621b9c416e07c.r2.dev/CDM_Food/Wolferts-Cooking_of_SW_France_Cookbook_Intro.m4b)
resources/french_heading,French practice
resources/french_copy,Simple French phrases to listen to and repeat are in the BikeTourFrance.net resource library: [French learning audio](https://resources.biketourfrance.net/media_francais).
resources/narratives_heading,Reading
resources/narratives_list,"- [Canal des Deux Mers historical narrative, mobile version](https://docs.google.com/document/d/18O_3__-hTaXNORT5mtfvYAQsS0xZUIbGRaOEVwhp0A8/edit?usp=sharing) — Written for the 2026 tour. The history of the route has not changed. Formatted for a phone."
resources/helpful_sites_heading,Trusted cycling and travel sites
resources/helpful_sites_intro,"These are sites John trusts for accuracy, depth, and real-world relevance when planning bike tours."
resources/helpful_sites_list,"- [EuroVelo](https://en.eurovelo.com/)
- [France Vélo Tourisme](https://en.francevelotourisme.com/)
- [Komoot](https://www.komoot.com/)
- [RideWithGPS](https://ridewithgps.com/)
- [AF3V (French greenways)](https://af3v.org/)
- [SNCF Connect](https://www.sncf-connect.com/)
- [IGN (French national geographic institute)](https://www.ign.fr/)
- [Vélo & Territoires](https://www.velo-territoires.org/)
- [FreeWheelingFrance.com](https://www.freewheelingfrance.com/)
- [Adventure Cycling Association: what to look for in a touring bike](https://www.adventurecycling.org/blog/what-to-look-for-touring-bike/)
- [Peak & Coast Cycling Camp](https://pccyclingcamp.com/)
- [Azure Cycle Tours](https://azurcycletours.com/)"
resources/ready_to_ride_heading,Missing something?
resources/contact_cta,Tell John what would make planning easier and he will consider adding it.
about/seo_title,About John
about/seo_description,"John leads small, self-supported bicycle tours in France. Learn who he is, how the tours work, and why he plans each day in detail."
about/page_eyebrow,About BikeTourFrance.net
about/page_heading,Eat. Sleep. Roll. Repeat.
about/page_lede,"I'm John, the cyclist behind BikeTourFrance.net. I help riders carry out extraordinary bicycle tours in France."
about/intro_body,"I personally lead four very small, self-supported group tours each year. Groups have no more than twelve riders, so I can lead the ride, explain each day's plan in depth, and give the group the attention it needs.

If you prefer to travel on your own schedule, I offer a self-guided tour package. I build the routes, book your accommodations, and give practical support as you prepare for the trip."
about/how_heading,How the tours work
about/how_body,"All BikeTourFrance.net tours are self-supported. You carry your own gear from place to place. The Canal des Deux Mers is fairly flat, so you do not need to obsess over every gram, but space still matters. Pack less than you think you need.

Planning a bicycle tour in France gets complex fast. Where you ride, how far you go, where you eat, where you sleep, how trains fit in, and when you stop to see a place all affect one another. A small choice early in the plan can cause a hard day later."
about/who_heading,Who is planning your trip
about/who_body,"I have planned and ridden self-supported tours across France, and I have traveled on foot in many parts of the country. I know what works on the ground: routes that make sense, days that fit real riders, places to stay, food stops, train options, and the small details that keep a trip moving well. I also know that coordinating your arrival time with your lodging makes a big difference for everyone.

Outside of touring, I lead rides for Cascade Bicycle Club in Seattle, work in enterprise technology, and hold DELF B2 certification in French. I'm not a camper. I like a good route, a real bed, a warm shower, and a solid meal at the end of the day. It is France, after all, and I love to eat well."
about/ready_to_ride_heading,Want to talk it through?
about/contact_cta,Email John with your questions about the 2027 tours or about planning your own trip.
contact/seo_title,Contact John
contact/seo_description,"Email John with questions about the 2027 Canal des Deux Mers tours, the waitlist, or planning your own bike trip in France."
contact/page_eyebrow,Contact
contact/page_heading,Contact John
contact/page_lede,Email is the best way to reach BikeTourFrance.net.
contact/starting_heading,Choose a starting point
contact/starting_list,"- [Ask to join the 2027 Canal des Deux Mers waitlist](mail:waitlist)
- [Ask about planning your own trip](mail:planning)
- [Ask any other question](mail:general)"
contact/starting_note,"Each link opens your email program with a short message ready to fill in. If it does not open, write to contact@biketourfrance.net directly."
contact/lists_heading,About the waitlist and the mailing list
contact/lists_body,"This website does not have an online sign-up form yet. To hear about exact 2027 dates and pricing when they are announced, email John and ask to be added to the waitlist."
privacy/seo_title,Privacy
privacy/seo_description,"What the BikeTourFrance.net website does and does not collect, and how email you send to John is handled."
privacy/page_heading,Privacy
privacy/page_lede,"This page describes what this website does today. Last updated October 2, 2026."
privacy/page_copy,"## What this website collects

This website has no sign-up form, no account system, and no analytics or advertising tools. It does not set cookies of its own. See the [Cookies page](/cookies/).

## When you email John

If you write to [contact@biketourfrance.net](mail:general), John receives your message and your email address in his BikeTourFrance.net email account. He uses them to reply to you. Nothing in this website's code sends your message anywhere else.

## Hosting and technical logs

Web servers normally record technical details of each visit, such as the page requested and the visitor's IP address. This website is hosted on Cloudflare Pages, which handles those records. John does not receive a copy of them through this website.

## Other sites and media

The Resources page loads audio files from BikeTourFrance.net's media storage only when you press play. It also links to Google Docs and Google Sheets and to other websites. Those sites have their own privacy practices.

## Questions

Write to [contact@biketourfrance.net](mail:general)."
terms/seo_title,Terms
terms/seo_description,"Terms for using the BikeTourFrance.net website: tour information may change, no bookings are taken on this site, and links lead to other sites."
terms/page_heading,Terms
terms/page_lede,"How to read the information on this website. Last updated October 2, 2026."
terms/page_copy,"## Tour information

The tour descriptions on this website are plans, and they can change. Exact dates and pricing for the 2027 tours have not been announced. Deposit, payment, and cancellation terms have not been published.

## No bookings on this website

You cannot book or pay for a tour on this website. Asking to join the waitlist by email does not reserve a place. Any booking terms will be given to you in writing before you commit.

## Advice and planning help

Information here, including the Practical Information and Resources pages, is general guidance from John's own experience. Transport schedules, fares, and rules come from other organizations and change. Check them with the operator before you travel.

## Links to other sites

This website links to other websites and to files stored elsewhere. BikeTourFrance.net does not control them.

## Contact

Write to [contact@biketourfrance.net](mail:general)."
cookies/seo_title,Cookies
cookies/seo_description,This BikeTourFrance.net website does not set cookies of its own and runs no analytics or advertising tools.
cookies/page_heading,Cookies
cookies/page_lede,"What this website stores in your browser. Last updated October 2, 2026."
cookies/page_copy,"## Cookies and tracking on this site

This website's code does not set cookies, and it runs no analytics, advertising, or social-media tracking tools. Because of that, it shows no cookie banner and asks for no consent.

## If that changes

If analytics or marketing tools are added later, this page will be updated first, and the site will ask for your choice before any non-essential tool runs.

## Other sites

Links on the Resources page lead to Google Docs, Google Sheets, and other websites. Those sites may set their own cookies once you open them."
404/seo_title,Page not found
404/seo_description,"That page is not on the BikeTourFrance.net website. Use these links to find the tour, resources, or contact page."
404/eyebrow,Error 404
404/heading,We could not find that page
404/body,"The link may be old, or the page may have moved. These pages can help:"
404/home_button,Go to the home page
404/tour_button,See the 2027 tour
photos/hero_alt,"A rider with loaded panniers on a gravel towpath beside a canal, under a blue sky with a few clouds."
photos/two_riders_shade_alt,"A rider in a red helmet smiling at the camera on a shaded canal path, with a second rider behind."
photos/creon_alt,"Two loaded touring bikes parked in front of a wooden building with a sign reading ""Créon fête le vélo""."
photos/rider_canal_path_alt,A rider on a pale gravel path beside a straight canal with grass on both sides.
photos/route_signs_alt,"Two green signs for the Canal du Midi cycle route, one pointing left and one pointing right."
photos/cafe_table_alt,Five riders in cycling jerseys sharing coffee at a café table.
photos/narrow_bank_alt,A rider far ahead on a narrow cobbled strip between two stretches of calm water.
photos/three_riders_town_alt,Three riders in cycling kit posing beside a bike in a town square with a palm tree.
photos/church_alt,"A small stone church with a bell tower, with a bicycle leaning near its door."
photos/greenway_alt,"A long straight paved greenway through pine woods, with one rider ahead in the distance."
photos/matching_jerseys_alt,"Riders in matching cycling jerseys on a tree-lined path, with more riders behind them."
photos/wheel_repair_alt,Two people working on a bicycle wheel together in a workshop.
photos/pine_forest_alt,A paved path through tall pine trees with a rider in the distance.
photos/panda_airport_alt,Illustration of a panda arriving at Bordeaux Airport with a bike case and a backpack.
photos/creon_caption,Créon
photos/route_signs_caption,Canal du Midi route signs
